OrderID,Product,Category,Region,Sales,Profit,Quantity
1,Sofa,Furniture,South,1450.0,364.0,2
2,Keyboard,Electronics,North,171.07,69.41,2
3,Headphones,Electronics,South,953.34,293.12,7
4,Printer,Electronics,West,3173.22,791.58,10
5,Chair,Furniture,North,2513.56,719.21,8
6,Keyboard,Electronics,East,551.64,181.06,7
7,Mouse,Electronics,East,99.5,37.74,2
8,Headphones,Electronics,North,826.34,272.97,5
9,Phone,Electronics,East,1868.42,497.98,2
10,Headphones,Electronics,South,645.69,163.67,4
11,Desk,Furniture,West,1002.45,275.18,2
12,Desk,Furniture,East,3812.12,908.1,8
13,Monitor,Electronics,North,2562.11,648.44,4
14,Headphones,Electronics,West,465.09,134.69,3
15,Phone,Electronics,South,5163.21,1161.6,5
16,Sofa,Furniture,South,5331.42,1332.48,6
17,Laptop,Electronics,East,7202.1,1239.71,6
18,Chair,Furniture,West,2397.38,746.12,8
19,Keyboard,Electronics,East,373.96,164.7,5
20,Tablet,Electronics,East,7049.76,1860.14,10
21,Chair,Furniture,North,924.64,200.73,3
22,Mouse,Electronics,West,158.53,67.01,3
23,Headphones,Electronics,West,298.86,103.84,2
24,Printer,Electronics,North,1999.85,514.94,5
25,Sofa,Furniture,East,1712.68,405.92,2
26,Sofa,Furniture,West,4453.86,1168.69,6
27,Laptop,Electronics,North,6857.83,1380.98,5
28,Sofa,Furniture,South,4441.67,1003.07,5
29,Keyboard,Electronics,North,523.5,182.84,6
30,Headphones,Electronics,East,919.94,253.42,6
31,Desk,Furniture,North,1646.07,552.58,4
32,Mouse,Electronics,South,441.6,190.59,8
33,Keyboard,Electronics,West,727.5,207.85,8
34,Chair,Furniture,East,2939.8,774.68,9
35,Phone,Electronics,North,5451.44,1329.28,6
36,Chair,Furniture,South,1099.21,258.69,4
37,Headphones,Electronics,North,541.08,216.63,4
38,Chair,Furniture,North,675.81,183.02,2
39,Printer,Electronics,South,1357.47,357.9,4
40,Tablet,Electronics,West,7308.37,1614.96,10
41,Phone,Electronics,East,3324.89,935.96,4
42,Phone,Electronics,North,6405.56,1681.11,7
43,Laptop,Electronics,North,9089.25,1960.41,7
44,Chair,Furniture,West,1137.06,313.42,4
45,Keyboard,Electronics,North,406.26,172.47,5
46,Table,Furniture,North,4160.15,1336.68,9
47,Mouse,Electronics,South,188.32,79.54,4
48,Phone,Electronics,West,847.04,176.19,1
49,Desk,Furniture,West,3496.72,1035.49,8
50,Keyboard,Electronics,North,311.74,142.5,4
51,Tablet,Electronics,South,3840.02,1116.36,6
52,Laptop,Electronics,North,9936.3,1967.24,9
53,Sofa,Furniture,South,3203.02,941.31,4
54,Headphones,Electronics,East,1364.9,416.4,10
55,Desk,Furniture,East,1921.38,444.32,4
56,Phone,Electronics,East,2883.39,607.2,3
57,Mouse,Electronics,North,50.73,23.99,1
58,Mouse,Electronics,East,428.98,163.09,9
59,Mouse,Electronics,East,198.48,69.05,4
60,Headphones,Electronics,East,1217.64,507.08,9
61,Sofa,Furniture,North,1815.57,341.49,2
62,Mouse,Electronics,South,422.49,164.29,9
63,Tablet,Electronics,East,3993.78,1137.99,6
64,Printer,Electronics,North,2695.78,837.55,8
65,Mouse,Electronics,East,387.57,114.47,7
66,Keyboard,Electronics,West,376.16,146.51,5
67,Printer,Electronics,South,324.79,106.02,1
68,Printer,Electronics,South,388.03,92.97,1
69,Phone,Electronics,North,2458.23,624.27,3
70,Monitor,Electronics,East,2569.24,640.06,4
71,Printer,Electronics,South,2801.48,692.87,7
72,Keyboard,Electronics,East,268.88,72.89,3
73,Phone,Electronics,North,3480.13,981.16,4
74,Phone,Electronics,West,1003.18,195.57,1
75,Monitor,Electronics,South,3315.4,861.4,5
76,Laptop,Electronics,North,4798.16,911.44,4
77,Desk,Furniture,East,2863.0,691.11,6
78,Laptop,Electronics,East,2686.22,452.24,2
79,Laptop,Electronics,East,2517.94,469.14,2
80,Phone,Electronics,South,10314.53,1861.77,10
81,Desk,Furniture,South,484.74,96.08,1
82,Monitor,Electronics,East,3853.47,1118.98,7
83,Headphones,Electronics,East,959.26,254.96,6
84,Printer,Electronics,East,1866.77,418.71,5
85,Printer,Electronics,West,995.36,287.81,3
86,Sofa,Furniture,North,2529.31,552.23,3
87,Desk,Furniture,East,2143.23,668.58,5
88,Table,Furniture,West,4042.16,991.74,8
89,Tablet,Electronics,East,2235.9,493.3,3
90,Mouse,Electronics,South,213.64,71.19,4
91,Keyboard,Electronics,North,72.92,35.81,1
92,Table,Furniture,West,3925.37,1009.66,7
93,Table,Furniture,North,3363.49,1041.17,7
94,Mouse,Electronics,West,334.15,157.03,7
95,Laptop,Electronics,West,10392.84,2563.5,9
96,Keyboard,Electronics,East,682.81,286.84,8
97,Table,Furniture,West,5518.76,1619.53,10
98,Printer,Electronics,West,3148.05,790.17,8
99,Table,Furniture,East,2719.86,795.16,5
100,Printer,Electronics,North,2958.72,655.08,8
101,Tablet,Electronics,North,3355.18,840.91,5
102,Keyboard,Electronics,South,229.88,96.98,3
103,Mouse,Electronics,West,350.66,142.39,7
104,Laptop,Electronics,North,5319.47,955.79,4
105,Headphones,Electronics,East,1070.21,411.98,7
106,Phone,Electronics,South,6517.7,1684.53,7
107,Table,Furniture,West,1936.47,556.78,4
108,Monitor,Electronics,South,4540.39,1193.01,7
109,Headphones,Electronics,North,1224.1,430.92,9
110,Mouse,Electronics,North,326.87,137.86,7
111,Desk,Furniture,East,3092.79,824.78,7
112,Phone,Electronics,East,4896.01,1246.05,5
113,Mouse,Electronics,East,361.94,162.52,8
114,Chair,Furniture,North,657.18,169.71,2
115,Chair,Furniture,South,1331.77,335.53,4
116,Keyboard,Electronics,South,683.11,246.14,8
117,Table,Furniture,North,2729.31,606.98,5
118,Keyboard,Electronics,East,370.81,121.54,5
119,Headphones,Electronics,North,1049.12,380.1,7
120,Headphones,Electronics,North,555.29,221.8,4
121,Headphones,Electronics,East,148.02,48.57,1
122,Mouse,Electronics,West,477.85,144.91,9
123,Table,Furniture,West,1008.38,264.57,2
124,Tablet,Electronics,East,2118.63,590.5,3
125,Headphones,Electronics,East,1476.44,443.68,9
126,Monitor,Electronics,West,2658.44,500.8,4
127,Chair,Furniture,East,2501.91,683.06,8
128,Laptop,Electronics,South,10682.29,1745.47,8
129,Monitor,Electronics,East,2955.25,864.1,5
130,Printer,Electronics,South,360.2,78.88,1
131,Tablet,Electronics,West,5008.51,1390.11,7
132,Sofa,Furniture,East,6477.08,1291.04,8
133,Chair,Furniture,East,2253.19,516.59,7
134,Table,Furniture,East,4647.29,1222.45,9
135,Monitor,Electronics,North,4645.1,1080.67,8
136,Tablet,Electronics,South,2740.88,789.95,4
137,Chair,Furniture,East,1301.58,291.39,4
138,Mouse,Electronics,East,194.81,75.55,4
139,Laptop,Electronics,North,10061.77,1840.96,9
140,Printer,Electronics,West,1880.12,382.73,5
141,Mouse,Electronics,West,52.18,19.76,1
142,Monitor,Electronics,West,2054.47,405.45,3
143,Mouse,Electronics,North,100.02,33.19,2
144,Keyboard,Electronics,North,264.67,106.17,3
145,Chair,Furniture,South,623.71,154.64,2
146,Printer,Electronics,West,2480.94,615.57,7
147,Desk,Furniture,North,4748.66,1252.62,10
148,Chair,Furniture,South,1159.39,266.39,4
149,Keyboard,Electronics,West,661.51,216.29,9
150,Tablet,Electronics,East,7122.35,1463.5,10
151,Tablet,Electronics,South,3765.11,883.45,5
152,Desk,Furniture,West,4793.83,1408.16,10
153,Mouse,Electronics,East,430.29,154.73,9
154,Keyboard,Electronics,East,146.39,67.02,2
155,Table,Furniture,West,1017.17,258.06,2
156,Desk,Furniture,North,4191.73,1053.11,9
157,Phone,Electronics,South,5675.01,1069.66,6
158,Sofa,Furniture,East,8374.25,1616.6,10
159,Headphones,Electronics,West,163.62,43.5,1
160,Desk,Furniture,West,1551.47,350.77,3
161,Mouse,Electronics,North,394.8,149.33,8
162,Keyboard,Electronics,West,481.4,179.67,6
163,Printer,Electronics,East,354.8,83.32,1
164,Mouse,Electronics,North,390.68,158.2,7
165,Sofa,Furniture,East,7311.56,1479.03,9
166,Headphones,Electronics,South,1267.62,441.6,8
167,Desk,Furniture,West,3777.65,988.43,9
168,Mouse,Electronics,South,57.16,20.87,1
169,Tablet,Electronics,West,2053.14,434.95,3
170,Mouse,Electronics,West,229.61,93.21,4
171,Mouse,Electronics,East,153.69,65.2,3
172,Phone,Electronics,South,8244.44,1579.59,8
173,Phone,Electronics,South,4069.68,882.9,4
174,Mouse,Electronics,East,273.29,114.18,5
175,Printer,Electronics,East,1933.99,410.91,5
176,Headphones,Electronics,South,1724.59,497.93,10
177,Table,Furniture,West,4594.88,1175.55,9
178,Table,Furniture,South,3352.2,1001.54,6
179,Headphones,Electronics,North,1006.31,388.58,7
180,Monitor,Electronics,West,5166.27,1349.48,8
181,Sofa,Furniture,East,2457.2,488.88,3
182,Mouse,Electronics,North,369.97,186.27,8
183,Tablet,Electronics,South,2105.24,573.43,3
184,Mouse,Electronics,West,438.15,144.96,8
185,Sofa,Furniture,West,1780.71,456.37,2
186,Monitor,Electronics,North,5366.86,977.23,8
187,Chair,Furniture,West,1724.03,439.48,5
188,Mouse,Electronics,North,101.09,43.1,2
189,Laptop,Electronics,East,7913.06,1376.02,6
190,Phone,Electronics,South,2594.83,636.78,3
191,Keyboard,Electronics,South,220.74,103.35,3
192,Table,Furniture,East,4678.9,1378.24,10
193,Table,Furniture,West,2666.78,811.69,5
194,Desk,Furniture,East,3804.95,1054.83,9
195,Headphones,Electronics,East,794.8,242.43,5
196,Table,Furniture,West,2374.51,667.71,5
197,Mouse,Electronics,East,199.07,75.49,4
198,Tablet,Electronics,West,3169.2,1018.81,5
199,Desk,Furniture,North,468.67,128.92,1
200,Headphones,Electronics,South,1329.85,464.47,8
201,Headphones,Electronics,East,859.28,262.82,6
202,Sofa,Furniture,North,2536.95,696.82,3
203,Desk,Furniture,South,3270.03,908.11,8
204,Mouse,Electronics,South,245.42,96.62,5
205,Keyboard,Electronics,East,805.76,255.51,9
206,Keyboard,Electronics,East,451.4,176.65,5
207,Tablet,Electronics,North,4624.44,1066.32,6
208,Keyboard,Electronics,West,356.81,130.76,4
209,Printer,Electronics,East,1937.41,517.23,6
210,Printer,Electronics,East,709.59,192.44,2
211,Headphones,Electronics,North,1160.88,411.64,7
212,Sofa,Furniture,East,3257.18,838.25,4
213,Headphones,Electronics,West,637.15,210.83,4
214,Tablet,Electronics,North,3718.08,762.0,5
215,Laptop,Electronics,South,6893.89,1058.06,5
216,Printer,Electronics,West,1047.02,256.07,3
217,Headphones,Electronics,West,504.61,159.3,3
218,Headphones,Electronics,East,1191.5,319.16,7
219,Chair,Furniture,East,2426.82,572.44,8
220,Mouse,Electronics,East,310.83,142.94,6
221,Laptop,Electronics,West,8139.35,2077.74,7
222,Mouse,Electronics,North,212.09,83.11,4
223,Laptop,Electronics,South,6918.42,1275.55,6
224,Mouse,Electronics,South,428.31,159.55,9
225,Monitor,Electronics,East,1974.89,467.28,3
226,Keyboard,Electronics,North,248.41,100.75,3
227,Sofa,Furniture,South,746.36,188.66,1
228,Headphones,Electronics,South,813.55,271.84,6
229,Tablet,Electronics,West,5054.45,1383.82,7
230,Table,Furniture,South,3084.93,708.64,6
231,Headphones,Electronics,East,162.27,58.18,1
232,Table,Furniture,West,457.6,138.82,1
233,Phone,Electronics,North,1840.62,512.11,2
234,Mouse,Electronics,East,315.62,99.15,6
235,Headphones,Electronics,East,1555.63,465.04,10
236,Table,Furniture,North,4731.11,1057.99,9
237,Sofa,Furniture,West,7777.51,1594.82,9
238,Chair,Furniture,West,2067.94,549.58,7
239,Tablet,Electronics,East,1369.39,333.0,2
240,Monitor,Electronics,North,1929.07,445.37,3
241,Mouse,Electronics,East,100.8,43.91,2
242,Keyboard,Electronics,East,658.8,319.32,9
243,Sofa,Furniture,West,1604.32,459.78,2
244,Tablet,Electronics,East,799.47,187.23,1
245,Mouse,Electronics,West,513.43,172.38,10
246,Chair,Furniture,North,592.52,163.6,2
247,Desk,Furniture,North,4304.43,1165.97,10
248,Headphones,Electronics,East,680.43,227.33,5
249,Monitor,Electronics,West,3245.5,1033.15,6
250,Mouse,Electronics,North,162.79,71.32,3
251,Tablet,Electronics,East,6008.83,1568.05,9
252,Keyboard,Electronics,North,469.4,167.36,6
253,Laptop,Electronics,North,3381.67,785.35,3
254,Desk,Furniture,West,3835.74,954.49,8
255,Phone,Electronics,East,4292.52,1105.43,5
256,Phone,Electronics,West,1747.46,471.41,2
257,Printer,Electronics,North,1594.87,431.15,5
258,Laptop,Electronics,South,4681.7,884.49,4
259,Desk,Furniture,West,2209.57,481.86,5
260,Keyboard,Electronics,East,238.81,97.33,3
261,Mouse,Electronics,North,390.4,114.37,7
262,Table,Furniture,West,1115.53,288.49,2
263,Tablet,Electronics,East,4764.66,1212.14,7
264,Keyboard,Electronics,East,812.02,322.75,10
265,Mouse,Electronics,West,388.89,125.63,7
266,Printer,Electronics,East,699.26,166.34,2
267,Chair,Furniture,North,1970.6,398.66,6
268,Printer,Electronics,East,2987.7,899.5,9
269,Tablet,Electronics,South,2014.04,463.63,3
270,Keyboard,Electronics,North,750.57,331.1,10
271,Keyboard,Electronics,West,650.23,246.12,8
272,Sofa,Furniture,East,8485.98,2389.23,10
273,Sofa,Furniture,West,4501.15,992.78,6
274,Sofa,Furniture,East,4396.33,1036.57,5
275,Printer,Electronics,North,684.32,176.54,2
276,Monitor,Electronics,North,2757.55,859.28,5
277,Headphones,Electronics,North,1540.15,492.54,10
278,Table,Furniture,West,5314.8,1300.05,10
279,Printer,Electronics,East,1196.4,264.66,3
280,Tablet,Electronics,South,1436.59,312.85,2
281,Tablet,Electronics,South,6427.38,1453.86,8
282,Monitor,Electronics,East,4066.14,859.47,6
283,Sofa,Furniture,East,7304.73,2104.71,10
284,Mouse,Electronics,East,277.09,128.56,6
285,Desk,Furniture,South,5032.44,1120.01,10
286,Monitor,Electronics,West,3425.77,809.54,5
287,Keyboard,Electronics,West,861.77,250.17,10
288,Sofa,Furniture,North,5295.82,1281.66,6
289,Sofa,Furniture,East,5751.88,1130.21,7
290,Keyboard,Electronics,South,315.34,132.78,4
291,Chair,Furniture,North,844.86,220.4,3
292,Printer,Electronics,North,3492.66,934.31,9
293,Sofa,Furniture,West,5371.67,1256.66,6
294,Keyboard,Electronics,South,226.85,96.94,3
295,Tablet,Electronics,South,5101.17,1361.84,8
296,Table,Furniture,West,4856.16,1539.18,10
297,Chair,Furniture,West,2591.44,854.09,9
298,Chair,Furniture,West,1925.24,493.52,6
299,Table,Furniture,West,2736.33,700.81,5
300,Keyboard,Electronics,East,352.1,102.64,4
301,Laptop,Electronics,North,10737.88,2043.63,8
302,Tablet,Electronics,South,7010.59,1480.72,9
303,Desk,Furniture,West,4054.78,824.58,8
304,Mouse,Electronics,North,220.84,92.31,4
305,Phone,Electronics,West,899.2,208.91,1
306,Mouse,Electronics,North,286.84,111.3,6
307,Tablet,Electronics,East,4610.95,923.44,6
308,Table,Furniture,North,1634.57,414.81,3
309,Mouse,Electronics,West,48.2,22.68,1
310,Mouse,Electronics,South,239.85,84.87,5
311,Phone,Electronics,West,9128.51,1857.55,10
312,Headphones,Electronics,South,1220.55,452.77,9
313,Tablet,Electronics,East,2042.92,432.34,3
314,Chair,Furniture,North,3012.43,852.6,10
315,Printer,Electronics,North,1925.53,545.63,6
316,Phone,Electronics,East,6558.36,1680.36,8
317,Desk,Furniture,South,445.17,99.24,1
318,Tablet,Electronics,East,1530.03,393.87,2
319,Keyboard,Electronics,South,79.05,28.06,1
320,Sofa,Furniture,South,7329.31,1586.26,8
321,Keyboard,Electronics,North,172.64,70.65,2
322,Desk,Furniture,North,1639.71,422.3,4
323,Monitor,Electronics,West,3086.54,896.74,5
324,Desk,Furniture,East,489.75,105.17,1
325,Laptop,Electronics,West,6971.79,1679.61,6
326,Phone,Electronics,South,8090.35,1680.2,8
327,Table,Furniture,East,3967.35,1253.19,8
328,Mouse,Electronics,South,321.91,145.74,7
329,Printer,Electronics,East,1715.53,374.41,5
330,Desk,Furniture,West,3782.36,931.63,8
331,Monitor,Electronics,East,4370.83,1377.62,8
332,Headphones,Electronics,North,1017.07,417.2,7
333,Mouse,Electronics,South,346.79,156.86,7
334,Laptop,Electronics,West,4003.8,803.43,3
335,Laptop,Electronics,East,3300.51,833.55,3
336,Monitor,Electronics,South,4776.94,853.6,7
337,Sofa,Furniture,North,7278.12,1518.09,8
338,Headphones,Electronics,East,464.56,143.88,3
339,Chair,Furniture,West,543.89,139.91,2
340,Printer,Electronics,West,675.81,162.74,2
341,Chair,Furniture,West,2914.18,933.27,10
342,Chair,Furniture,South,560.36,132.74,2
343,Tablet,Electronics,East,6436.17,1618.86,8
344,Sofa,Furniture,East,5171.45,1224.0,6
345,Desk,Furniture,South,1455.24,421.53,3
346,Monitor,Electronics,South,5162.73,1611.97,9
347,Chair,Furniture,East,2175.77,653.83,8
348,Table,Furniture,North,4195.99,1453.66,9
349,Desk,Furniture,West,3622.18,913.54,7
350,Phone,Electronics,North,8265.94,2615.69,10
351,Table,Furniture,South,4280.11,1050.34,8
352,Keyboard,Electronics,North,574.4,240.93,7
353,Printer,Electronics,South,1024.83,233.49,3
354,Monitor,Electronics,East,6068.15,1536.8,9
355,Chair,Furniture,North,2615.25,756.01,9
356,Printer,Electronics,South,1100.35,278.71,3
357,Sofa,Furniture,North,8641.27,2084.11,10
358,Laptop,Electronics,East,2187.28,528.29,2
359,Sofa,Furniture,North,3493.57,773.31,4
360,Table,Furniture,West,4375.88,1490.15,9
361,Chair,Furniture,North,2046.15,464.35,7
362,Keyboard,Electronics,East,642.5,236.59,8
363,Headphones,Electronics,East,440.17,163.1,3
364,Phone,Electronics,North,2943.45,663.95,3
365,Monitor,Electronics,South,2439.88,544.19,4
366,Keyboard,Electronics,West,146.02,70.69,2
367,Chair,Furniture,East,993.03,281.64,3
368,Chair,Furniture,West,922.11,241.41,3
369,Desk,Furniture,West,3260.86,1130.97,8
370,Chair,Furniture,East,1255.0,262.23,4
371,Table,Furniture,West,5602.92,1486.39,10
372,Desk,Furniture,South,3653.28,910.44,9
373,Desk,Furniture,West,2945.6,681.39,6
374,Laptop,Electronics,East,12485.45,2362.52,10
375,Mouse,Electronics,East,359.12,154.81,7
376,Headphones,Electronics,West,1394.55,595.02,10
377,Monitor,Electronics,South,3742.05,851.62,6
378,Chair,Furniture,North,3081.84,800.02,10
379,Laptop,Electronics,West,3882.23,841.19,3
380,Keyboard,Electronics,East,898.63,256.77,10
381,Keyboard,Electronics,East,642.69,230.1,7
382,Headphones,Electronics,West,924.15,301.17,6
383,Tablet,Electronics,East,6824.63,2027.34,10
384,Monitor,Electronics,North,1373.97,310.04,2
385,Headphones,Electronics,South,1159.66,424.89,8
386,Tablet,Electronics,West,732.12,156.28,1
387,Keyboard,Electronics,North,290.53,141.51,4
388,Chair,Furniture,West,303.08,77.4,1
389,Tablet,Electronics,West,2807.26,799.19,4
390,Tablet,Electronics,East,753.51,181.35,1
391,Sofa,Furniture,South,6600.76,1480.8,8
392,Table,Furniture,East,4435.12,1186.56,9
393,Headphones,Electronics,East,1137.68,359.44,8
394,Chair,Furniture,West,1639.19,432.78,5
395,Monitor,Electronics,East,4738.56,1408.18,8
396,Desk,Furniture,West,939.03,244.15,2
397,Monitor,Electronics,North,1750.7,411.77,3
398,Monitor,Electronics,South,5107.17,1318.72,8
399,Chair,Furniture,East,2613.01,737.86,9
400,Keyboard,Electronics,South,168.63,62.08,2
401,Laptop,Electronics,North,10329.31,2009.55,9
402,Phone,Electronics,South,5828.43,1109.09,6
403,Laptop,Electronics,West,12360.36,1942.15,9
404,Table,Furniture,East,2177.96,512.34,4
405,Sofa,Furniture,South,901.59,167.16,1
406,Printer,Electronics,South,394.91,78.3,1
407,Laptop,Electronics,East,9214.72,1530.42,7
408,Laptop,Electronics,East,1169.52,260.28,1
409,Desk,Furniture,West,4130.19,976.63,8
410,Keyboard,Electronics,North,732.24,236.82,9
411,Monitor,Electronics,South,1949.0,476.69,3
412,Laptop,Electronics,South,7903.38,1540.67,6
413,Keyboard,Electronics,West,891.23,347.65,10
414,Printer,Electronics,South,1935.54,576.56,6
415,Keyboard,Electronics,East,627.78,215.81,8
416,Phone,Electronics,East,3642.06,797.98,4
417,Desk,Furniture,East,4863.24,965.49,10
418,Tablet,Electronics,East,2563.49,610.05,4
419,Keyboard,Electronics,East,600.05,245.54,7
420,Tablet,Electronics,East,1483.55,423.45,2
421,Headphones,Electronics,South,572.87,170.69,4
422,Table,Furniture,West,4967.03,1513.09,10
423,Printer,Electronics,North,1526.65,385.97,4
424,Printer,Electronics,North,2889.72,680.19,8
425,Laptop,Electronics,South,12157.8,1981.94,9
426,Keyboard,Electronics,South,534.54,175.81,6
427,Tablet,Electronics,West,7155.45,2087.2,10
428,Laptop,Electronics,North,8956.67,1932.34,8
429,Printer,Electronics,North,2990.94,664.75,8
430,Phone,Electronics,North,4968.51,1208.15,5
431,Laptop,Electronics,North,8283.51,1444.63,7
432,Mouse,Electronics,South,363.17,154.17,8
433,Sofa,Furniture,West,5564.25,1619.15,7
434,Phone,Electronics,South,5796.39,1825.91,7
435,Sofa,Furniture,West,4462.36,1436.57,6
436,Printer,Electronics,North,1136.06,240.05,3
437,Laptop,Electronics,West,6094.51,1359.55,5
438,Printer,Electronics,East,2709.31,566.37,7
439,Keyboard,Electronics,North,378.85,172.51,5
440,Laptop,Electronics,North,8851.34,2055.37,7
441,Chair,Furniture,West,1100.19,332.02,4
442,Headphones,Electronics,West,144.18,40.88,1
443,Chair,Furniture,North,2576.66,824.75,9
444,Keyboard,Electronics,East,826.83,241.29,9
445,Headphones,Electronics,South,1639.7,563.68,10
446,Desk,Furniture,West,1547.67,363.06,3
447,Desk,Furniture,South,2059.29,707.64,5
448,Sofa,Furniture,East,5818.19,1146.26,7
449,Sofa,Furniture,West,6140.13,1298.49,7
450,Phone,Electronics,West,2632.42,576.54,3
451,Chair,Furniture,West,1170.22,346.57,4
452,Laptop,Electronics,South,10834.23,2174.86,9
453,Phone,Electronics,North,3469.5,820.25,4
454,Table,Furniture,South,2769.35,915.46,6
455,Laptop,Electronics,North,5965.75,1302.48,5
456,Mouse,Electronics,South,220.23,82.8,4
457,Table,Furniture,North,2234.74,522.58,4
458,Chair,Furniture,West,1368.62,271.02,4
459,Chair,Furniture,South,3227.83,766.92,10
460,Printer,Electronics,East,2297.14,514.22,6
461,Desk,Furniture,West,2227.3,691.87,5
462,Mouse,Electronics,South,436.16,148.49,8
463,Monitor,Electronics,South,3612.54,922.51,6
464,Tablet,Electronics,West,1898.52,551.52,3
465,Desk,Furniture,South,1281.21,321.12,3
466,Table,Furniture,East,4786.43,1353.16,9
467,Table,Furniture,East,4060.83,1224.28,8
468,Keyboard,Electronics,North,259.22,89.58,3
469,Printer,Electronics,North,388.42,74.68,1
470,Laptop,Electronics,North,7848.73,1841.49,7
471,Tablet,Electronics,East,1894.8,541.24,3
472,Laptop,Electronics,West,12713.19,2933.9,10
473,Sofa,Furniture,West,5785.17,1620.62,8
474,Laptop,Electronics,East,1238.83,227.47,1
475,Laptop,Electronics,South,11915.52,2406.63,9
476,Mouse,Electronics,East,103.11,35.86,2
477,Monitor,Electronics,West,3296.2,623.71,5
478,Table,Furniture,East,4804.01,1510.45,10
479,Sofa,Furniture,North,1701.49,457.32,2
480,Mouse,Electronics,North,348.19,142.95,7
481,Sofa,Furniture,West,860.57,166.61,1
482,Sofa,Furniture,North,4999.03,1371.82,6
483,Printer,Electronics,West,335.1,104.45,1
484,Desk,Furniture,East,508.97,128.85,1
485,Printer,Electronics,East,3725.85,784.57,10
486,Laptop,Electronics,West,5024.44,1100.9,4
487,Mouse,Electronics,West,235.15,89.62,5
488,Sofa,Furniture,South,7077.11,1984.04,9
489,Tablet,Electronics,North,1435.28,428.3,2
490,Mouse,Electronics,West,335.31,116.26,7
491,Monitor,Electronics,West,635.12,167.01,1
492,Table,Furniture,West,1977.91,658.82,4
493,Keyboard,Electronics,East,852.13,250.28,10
494,Chair,Furniture,South,552.31,137.87,2
495,Tablet,Electronics,North,4797.93,1061.7,7
496,Desk,Furniture,South,3563.93,871.59,8
497,Mouse,Electronics,West,151.16,61.37,3
498,Mouse,Electronics,East,46.12,20.43,1
499,Phone,Electronics,North,875.67,210.13,1
500,Tablet,Electronics,South,7095.7,1929.86,9
501,Sofa,Furniture,East,5277.3,1270.59,7
502,Table,Furniture,West,1373.73,409.03,3
503,Desk,Furniture,South,3944.4,906.67,8
504,Tablet,Electronics,North,5871.33,1264.64,8
505,Keyboard,Electronics,West,360.68,143.74,5
506,Monitor,Electronics,South,4721.68,1351.43,8
507,Desk,Furniture,West,2837.17,776.24,6
508,Monitor,Electronics,East,2054.06,534.37,3
509,Tablet,Electronics,East,6394.87,1602.42,8
510,Phone,Electronics,North,4968.56,1052.89,5
511,Headphones,Electronics,North,628.83,203.65,4
512,Tablet,Electronics,East,6360.16,1272.76,8
513,Tablet,Electronics,West,1546.64,402.57,2
514,Sofa,Furniture,East,5982.69,1473.81,8
515,Sofa,Furniture,North,2589.14,669.38,3
516,Table,Furniture,West,5099.04,1344.45,10
517,Printer,Electronics,North,384.19,84.94,1
518,Mouse,Electronics,North,212.88,75.36,4
519,Headphones,Electronics,West,1198.79,326.42,7
520,Mouse,Electronics,South,46.23,17.78,1
521,Table,Furniture,South,2993.35,931.51,6
522,Monitor,Electronics,North,612.42,137.73,1
523,Mouse,Electronics,South,148.06,56.23,3
524,Printer,Electronics,West,2763.81,604.12,8
525,Monitor,Electronics,North,1170.08,337.22,2
526,Laptop,Electronics,South,7646.35,1606.28,6
527,Tablet,Electronics,East,2881.2,734.95,4
528,Printer,Electronics,West,2792.06,562.43,7
529,Sofa,Furniture,West,2271.83,637.75,3
530,Laptop,Electronics,West,13449.29,2449.58,10
531,Phone,Electronics,North,968.57,194.11,1
532,Headphones,Electronics,East,329.96,101.48,2
533,Monitor,Electronics,West,2434.53,542.96,4
534,Printer,Electronics,North,2203.41,564.04,6
535,Monitor,Electronics,East,4000.97,942.25,6
536,Headphones,Electronics,North,1381.78,426.79,10
537,Chair,Furniture,South,1393.86,379.73,5
538,Printer,Electronics,West,2461.17,538.74,7
539,Phone,Electronics,South,2758.5,669.87,3
540,Printer,Electronics,East,1073.53,231.15,3
541,Table,Furniture,North,4567.01,1321.06,10
542,Table,Furniture,West,1423.17,400.5,3
543,Phone,Electronics,West,7228.13,1999.28,8
544,Keyboard,Electronics,South,166.62,67.1,2
545,Desk,Furniture,South,435.92,121.81,1
546,Table,Furniture,North,5428.15,1548.91,10
547,Headphones,Electronics,East,290.09,101.72,2
548,Printer,Electronics,South,381.5,87.89,1
549,Phone,Electronics,South,1951.19,467.05,2
550,Desk,Furniture,North,455.59,112.73,1
551,Table,Furniture,East,1093.91,250.54,2
552,Tablet,Electronics,South,7407.35,1559.51,10
553,Chair,Furniture,East,1321.63,328.97,4
554,Headphones,Electronics,East,1271.83,536.22,9
555,Desk,Furniture,North,4350.76,1371.85,10
556,Keyboard,Electronics,South,632.63,251.37,7
557,Tablet,Electronics,South,2021.08,585.66,3
558,Sofa,Furniture,East,5725.24,1443.36,7
559,Sofa,Furniture,North,5565.24,1162.29,7
560,Phone,Electronics,East,8808.35,2134.21,9
561,Table,Furniture,North,3927.29,897.11,8
562,Tablet,Electronics,North,5928.78,1553.64,8
563,Printer,Electronics,South,2338.42,612.27,7
564,Table,Furniture,South,2451.79,639.41,5
565,Headphones,Electronics,North,1316.49,463.06,8
566,Laptop,Electronics,North,2535.71,567.34,2
567,Mouse,Electronics,West,151.55,48.02,3
568,Chair,Furniture,East,1008.48,220.98,3
569,Mouse,Electronics,South,288.78,113.85,6
570,Laptop,Electronics,South,8873.77,1908.19,7
571,Phone,Electronics,West,1936.66,352.19,2
572,Mouse,Electronics,West,157.26,60.47,3
573,Laptop,Electronics,West,1288.68,281.71,1
574,Tablet,Electronics,North,2140.79,481.45,3
575,Tablet,Electronics,East,1296.12,340.93,2
576,Keyboard,Electronics,South,612.28,231.27,7
577,Sofa,Furniture,South,2201.05,615.19,3
578,Table,Furniture,South,3241.82,883.03,6
579,Phone,Electronics,North,9644.77,2516.77,10
580,Mouse,Electronics,West,163.22,62.15,3
581,Monitor,Electronics,East,4110.23,898.73,7
582,Sofa,Furniture,East,1539.27,416.16,2
583,Tablet,Electronics,East,778.38,191.41,1
584,Chair,Furniture,West,2839.68,630.33,9
585,Desk,Furniture,South,493.18,134.1,1
586,Table,Furniture,North,3248.65,979.84,7
587,Printer,Electronics,South,401.35,105.62,1
588,Phone,Electronics,South,9046.94,2240.79,10
589,Table,Furniture,East,904.17,231.56,2
590,Chair,Furniture,West,339.19,94.36,1
591,Printer,Electronics,West,1850.0,450.19,5
592,Phone,Electronics,South,5799.82,1562.52,7
593,Desk,Furniture,South,879.73,241.09,2
594,Keyboard,Electronics,North,706.82,279.34,9
595,Desk,Furniture,North,3409.84,956.41,7
596,Chair,Furniture,North,678.69,135.42,2
597,Desk,Furniture,North,1255.31,389.94,3
598,Keyboard,Electronics,East,728.48,242.21,8
599,Keyboard,Electronics,East,447.23,200.24,6
600,Tablet,Electronics,West,1530.0,292.23,2
601,Desk,Furniture,North,3709.67,1171.72,9
602,Table,Furniture,South,4110.78,920.84,8
603,Monitor,Electronics,North,1734.8,378.52,3
604,Chair,Furniture,North,2431.73,823.3,9
605,Chair,Furniture,South,305.38,76.26,1
606,Keyboard,Electronics,West,83.06,34.97,1
607,Chair,Furniture,East,1731.72,559.84,6
608,Desk,Furniture,North,938.6,203.46,2
609,Keyboard,Electronics,West,352.35,143.11,4
610,Mouse,Electronics,East,446.6,177.51,8
611,Monitor,Electronics,South,1245.93,240.96,2
612,Desk,Furniture,South,4932.57,1315.0,10
613,Table,Furniture,South,3143.77,837.77,6
614,Tablet,Electronics,North,6867.76,1454.84,9
615,Phone,Electronics,North,862.42,206.49,1
616,Monitor,Electronics,East,653.84,142.58,1
617,Mouse,Electronics,West,206.49,71.62,4
618,Laptop,Electronics,South,3880.49,627.91,3
619,Printer,Electronics,North,2634.27,597.87,7
620,Headphones,Electronics,West,307.91,105.49,2
621,Mouse,Electronics,South,520.98,194.8,10
622,Chair,Furniture,West,1447.87,370.4,5
623,Tablet,Electronics,North,4113.96,981.48,6
624,Chair,Furniture,South,985.49,248.13,3
625,Mouse,Electronics,North,151.86,55.54,3
626,Printer,Electronics,East,2396.43,476.85,6
627,Table,Furniture,East,2782.8,585.32,5
628,Tablet,Electronics,East,6370.58,2041.87,10
629,Keyboard,Electronics,West,172.45,71.24,2
630,Printer,Electronics,South,374.25,81.37,1
631,Laptop,Electronics,South,9354.66,1789.17,7
632,Mouse,Electronics,North,370.19,178.8,8
633,Laptop,Electronics,South,1329.11,298.26,1
634,Chair,Furniture,North,2085.43,589.19,7
635,Headphones,Electronics,North,1447.06,562.55,10
636,Mouse,Electronics,South,225.12,78.19,4
637,Mouse,Electronics,North,279.19,141.23,6
638,Keyboard,Electronics,West,806.63,326.93,10
639,Laptop,Electronics,South,8994.75,1520.97,7
640,Keyboard,Electronics,North,387.99,173.01,5
641,Headphones,Electronics,West,1581.37,529.46,10
642,Phone,Electronics,West,8260.04,1653.48,9
643,Keyboard,Electronics,South,531.92,242.31,7
644,Sofa,Furniture,East,7910.72,2152.37,9
645,Table,Furniture,East,4929.11,1181.39,9
646,Phone,Electronics,South,4252.29,1020.31,5
647,Laptop,Electronics,East,5487.89,1495.77,5
648,Headphones,Electronics,South,686.1,168.01,4
649,Desk,Furniture,North,4471.49,1260.26,9
650,Chair,Furniture,East,3334.88,895.17,10
651,Keyboard,Electronics,East,230.19,83.45,3
652,Headphones,Electronics,South,161.38,47.03,1
653,Headphones,Electronics,West,665.5,224.83,4
654,Printer,Electronics,North,1651.81,366.83,5
655,Chair,Furniture,North,2864.11,808.46,10
656,Monitor,Electronics,South,5702.2,1278.29,10
657,Monitor,Electronics,South,543.29,155.2,1
658,Mouse,Electronics,East,501.83,213.16,9
659,Tablet,Electronics,East,5127.87,1177.63,7
660,Keyboard,Electronics,West,259.94,87.73,3
661,Sofa,Furniture,East,4529.04,1425.0,6
662,Chair,Furniture,East,3310.84,761.08,10
663,Keyboard,Electronics,West,259.73,106.16,3
664,Headphones,Electronics,South,141.83,46.36,1
665,Sofa,Furniture,East,7408.22,1996.95,10
666,Tablet,Electronics,South,1343.3,429.46,2
667,Sofa,Furniture,East,1768.66,427.2,2
668,Table,Furniture,North,483.15,125.97,1
669,Monitor,Electronics,North,3290.27,816.12,5
670,Phone,Electronics,West,7798.65,2090.25,8
671,Table,Furniture,West,3457.33,931.14,7
672,Headphones,Electronics,North,564.4,165.9,4
673,Desk,Furniture,North,440.86,141.68,1
674,Monitor,Electronics,North,2019.57,388.96,3
675,Printer,Electronics,West,689.14,214.94,2
676,Tablet,Electronics,West,705.48,191.06,1
677,Keyboard,Electronics,South,74.03,26.47,1
678,Phone,Electronics,East,8752.13,2162.14,9
679,Sofa,Furniture,West,3897.4,838.37,5
680,Headphones,Electronics,East,1498.45,387.65,9
681,Laptop,Electronics,West,7744.02,1976.73,7
682,Chair,Furniture,East,543.86,138.93,2
683,Mouse,Electronics,West,444.38,147.73,8
684,Table,Furniture,West,4494.88,1014.72,8
685,Keyboard,Electronics,West,538.26,170.6,6
686,Laptop,Electronics,East,6059.61,1131.7,5
687,Headphones,Electronics,North,140.67,53.93,1
688,Mouse,Electronics,South,330.61,115.87,6
689,Printer,Electronics,West,388.57,101.46,1
690,Printer,Electronics,East,2920.9,643.86,8
691,Mouse,Electronics,South,393.99,152.0,7
692,Mouse,Electronics,South,377.29,191.0,8
693,Chair,Furniture,West,819.6,199.52,3
694,Chair,Furniture,North,997.67,216.76,3
695,Mouse,Electronics,East,363.68,142.92,7
696,Printer,Electronics,West,3162.01,579.56,8
697,Mouse,Electronics,North,328.09,143.73,7
698,Mouse,Electronics,East,547.44,222.86,10
699,Phone,Electronics,West,4480.92,1093.66,5
700,Laptop,Electronics,West,3487.87,643.16,3
701,Laptop,Electronics,South,9428.11,1632.05,7
702,Laptop,Electronics,North,10850.0,2317.63,8
703,Monitor,Electronics,North,2933.21,852.85,5
704,Chair,Furniture,East,877.61,263.4,3
705,Desk,Furniture,West,3311.42,702.0,7
706,Chair,Furniture,East,2279.0,618.13,7
707,Laptop,Electronics,West,11857.02,1859.06,9
708,Keyboard,Electronics,South,806.28,219.13,9
709,Chair,Furniture,East,288.71,78.61,1
710,Tablet,Electronics,West,2711.78,813.17,4
711,Sofa,Furniture,West,1712.47,358.71,2
712,Headphones,Electronics,East,1133.28,459.28,8
713,Monitor,Electronics,North,1996.94,406.56,3
714,Desk,Furniture,South,448.49,103.82,1
715,Chair,Furniture,West,1283.31,290.44,4
716,Printer,Electronics,North,390.66,106.82,1
717,Table,Furniture,North,1592.76,436.99,3
718,Chair,Furniture,East,1578.13,470.88,5
719,Phone,Electronics,South,7011.25,1514.74,7
720,Table,Furniture,West,2673.25,790.81,5
721,Headphones,Electronics,East,270.55,119.98,2
722,Printer,Electronics,North,3682.92,827.45,10
723,Table,Furniture,East,984.07,254.97,2
724,Desk,Furniture,East,2394.07,708.53,5
725,Chair,Furniture,North,926.39,215.07,3
726,Headphones,Electronics,North,1118.39,375.31,7
727,Sofa,Furniture,West,7355.95,1446.03,8
728,Phone,Electronics,South,6830.35,1591.14,7
729,Monitor,Electronics,West,2571.79,633.2,4
730,Sofa,Furniture,South,4928.78,1365.8,6
731,Desk,Furniture,South,915.93,263.13,2
732,Sofa,Furniture,South,5105.32,1066.68,6
733,Tablet,Electronics,East,3517.91,1039.26,5
734,Desk,Furniture,West,4380.81,1368.58,10
735,Laptop,Electronics,West,12540.94,2620.65,10
736,Chair,Furniture,East,2510.88,772.04,9
737,Phone,Electronics,South,1005.94,189.27,1
738,Monitor,Electronics,West,4816.55,1214.99,7
739,Keyboard,Electronics,North,535.49,156.99,6
740,Table,Furniture,North,3173.27,731.41,6
741,Laptop,Electronics,South,9296.47,2208.95,8
742,Headphones,Electronics,North,460.08,165.81,3
743,Keyboard,Electronics,West,806.74,291.53,10
744,Table,Furniture,East,3154.09,993.24,7
745,Laptop,Electronics,North,7842.33,1518.62,6
746,Sofa,Furniture,East,845.34,179.91,1
747,Desk,Furniture,East,1249.66,360.48,3
748,Keyboard,Electronics,East,176.95,55.16,2
749,Table,Furniture,South,4720.92,1178.27,9
750,Monitor,Electronics,West,4751.1,1050.44,8
751,Laptop,Electronics,South,4589.19,1193.95,4
752,Tablet,Electronics,East,733.2,156.17,1
753,Tablet,Electronics,North,695.66,190.1,1
754,Headphones,Electronics,North,159.82,53.07,1
755,Laptop,Electronics,East,2410.07,476.05,2
756,Table,Furniture,North,1427.06,451.2,3
757,Desk,Furniture,East,3356.06,894.59,7
758,Headphones,Electronics,North,1612.77,483.77,10
759,Printer,Electronics,North,3253.02,761.04,10
760,Table,Furniture,South,2104.5,622.26,4
761,Monitor,Electronics,West,4090.12,856.55,7
762,Chair,Furniture,North,2358.36,512.7,8
763,Mouse,Electronics,North,533.63,171.93,10
764,Printer,Electronics,East,756.62,151.29,2
765,Sofa,Furniture,East,3245.4,952.73,4
766,Table,Furniture,North,462.48,121.78,1
767,Desk,Furniture,North,2971.08,666.06,6
768,Mouse,Electronics,South,45.12,17.11,1
769,Monitor,Electronics,East,4045.07,1063.83,6
770,Tablet,Electronics,North,1390.42,337.35,2
771,Phone,Electronics,West,7185.64,1399.45,7
772,Tablet,Electronics,South,6159.86,1525.74,8
773,Mouse,Electronics,South,161.11,49.41,3
774,Mouse,Electronics,West,394.73,139.03,7
775,Keyboard,Electronics,North,795.95,283.03,10
776,Sofa,Furniture,West,2449.85,597.15,3
777,Table,Furniture,North,457.92,148.68,1
778,Tablet,Electronics,South,6878.86,1669.67,9
779,Sofa,Furniture,North,4942.92,1290.36,6
780,Phone,Electronics,West,3673.74,937.63,4
781,Keyboard,Electronics,North,808.57,282.19,9
782,Sofa,Furniture,West,2463.34,592.63,3
783,Keyboard,Electronics,East,174.06,55.7,2
784,Desk,Furniture,West,462.03,122.42,1
785,Phone,Electronics,West,3310.95,860.35,4
786,Mouse,Electronics,West,404.71,135.6,8
787,Tablet,Electronics,North,647.96,173.69,1
788,Mouse,Electronics,South,570.4,211.0,10
789,Sofa,Furniture,North,7280.57,1512.54,8
790,Chair,Furniture,West,2359.18,708.46,8
791,Tablet,Electronics,South,4531.71,913.26,6
792,Laptop,Electronics,East,7119.25,1580.2,6
793,Printer,Electronics,South,3129.44,682.45,9
794,Table,Furniture,West,1658.19,460.74,3
795,Mouse,Electronics,West,263.18,87.5,5
796,Chair,Furniture,East,2654.73,560.79,8
797,Mouse,Electronics,North,319.07,147.46,7
798,Table,Furniture,South,4258.46,1324.37,8
799,Table,Furniture,West,516.3,114.72,1
800,Headphones,Electronics,South,1357.31,444.97,8
801,Tablet,Electronics,North,6603.89,2026.98,10
802,Phone,Electronics,West,9463.86,2043.22,10
803,Phone,Electronics,East,10160.8,2430.89,10
804,Phone,Electronics,South,6170.16,1295.1,6
805,Keyboard,Electronics,East,588.35,242.46,7
806,Tablet,Electronics,South,7025.61,1757.29,9
807,Chair,Furniture,East,1267.25,293.19,4
808,Sofa,Furniture,South,2748.8,636.02,3
809,Printer,Electronics,North,3381.77,752.45,9
810,Monitor,Electronics,West,5508.5,1388.14,9
811,Sofa,Furniture,North,6994.67,2050.06,9
812,Printer,Electronics,North,634.42,154.46,2
813,Chair,Furniture,East,1631.32,345.75,5
814,Sofa,Furniture,East,3746.43,824.81,5
815,Chair,Furniture,North,2451.81,810.44,9
816,Headphones,Electronics,West,1506.88,493.63,9
817,Chair,Furniture,East,2959.41,806.06,9
818,Tablet,Electronics,East,792.13,171.9,1
819,Printer,Electronics,West,316.13,81.05,1
820,Chair,Furniture,South,1959.8,488.95,6
821,Tablet,Electronics,North,2725.92,627.1,4
822,Keyboard,Electronics,North,260.1,76.3,3
823,Phone,Electronics,East,4676.17,937.23,5
824,Laptop,Electronics,North,7319.4,1762.5,6
825,Keyboard,Electronics,East,503.63,199.7,6
826,Table,Furniture,East,5187.7,1160.81,10
827,Printer,Electronics,South,1594.95,362.97,4
828,Phone,Electronics,South,8377.5,1656.82,9
829,Chair,Furniture,West,1768.98,440.37,6
830,Printer,Electronics,South,325.04,84.46,1
831,Sofa,Furniture,North,9037.21,1795.06,10
832,Sofa,Furniture,North,4777.65,1342.18,6
833,Phone,Electronics,East,4657.77,1004.44,5
834,Printer,Electronics,South,3185.88,662.21,9
835,Monitor,Electronics,North,4971.17,1131.82,9
836,Sofa,Furniture,South,1524.31,420.72,2
837,Sofa,Furniture,West,6209.93,1235.12,7
838,Sofa,Furniture,West,1738.76,344.6,2
839,Tablet,Electronics,South,3819.78,895.64,6
840,Desk,Furniture,East,3716.32,1218.94,9
841,Phone,Electronics,East,6380.52,1481.14,7
842,Laptop,Electronics,North,8973.93,1774.38,7
843,Tablet,Electronics,East,6379.65,2050.74,10
844,Printer,Electronics,North,680.72,193.38,2
845,Desk,Furniture,North,3583.27,1083.69,8
846,Table,Furniture,West,1550.05,358.91,3
847,Printer,Electronics,East,1995.06,385.93,5
848,Laptop,Electronics,North,12081.87,1927.24,9
849,Laptop,Electronics,North,12589.96,2537.15,10
850,Desk,Furniture,East,1956.73,557.48,4
851,Chair,Furniture,South,2365.45,638.73,7
852,Keyboard,Electronics,South,229.25,102.05,3
853,Mouse,Electronics,North,160.16,61.62,3
854,Printer,Electronics,North,2971.27,597.07,8
855,Desk,Furniture,East,854.42,247.74,2
856,Monitor,Electronics,East,1922.08,402.22,3
857,Headphones,Electronics,West,337.51,92.71,2
858,Monitor,Electronics,South,6389.13,1616.07,10
859,Headphones,Electronics,West,1486.69,463.27,10
860,Keyboard,Electronics,West,78.26,33.43,1
861,Desk,Furniture,West,2520.66,787.1,6
862,Table,Furniture,North,3958.74,1032.85,8
863,Keyboard,Electronics,South,736.39,273.67,10
864,Printer,Electronics,North,1352.13,415.63,4
865,Tablet,Electronics,North,1572.24,410.34,2
866,Headphones,Electronics,North,1501.93,518.01,10
867,Printer,Electronics,West,1812.77,539.77,5
868,Sofa,Furniture,East,2379.49,533.59,3
869,Keyboard,Electronics,East,656.18,200.69,8
870,Printer,Electronics,South,372.98,102.53,1
871,Printer,Electronics,South,1062.13,235.35,3
872,Tablet,Electronics,West,6354.85,1175.28,8
873,Chair,Furniture,South,579.65,142.98,2
874,Printer,Electronics,North,2093.75,630.27,6
875,Laptop,Electronics,East,6665.81,1781.06,6
876,Tablet,Electronics,West,3656.3,925.26,5
877,Sofa,Furniture,North,5551.42,1485.87,7
878,Printer,Electronics,West,1739.64,523.3,5
879,Monitor,Electronics,North,3678.18,893.56,6
880,Printer,Electronics,East,1060.47,240.84,3
881,Chair,Furniture,North,852.05,226.77,3
882,Sofa,Furniture,North,3211.69,745.67,4
883,Table,Furniture,West,4079.02,1160.67,8
884,Laptop,Electronics,South,4371.77,1029.39,4
885,Keyboard,Electronics,North,655.05,277.81,9
886,Keyboard,Electronics,West,452.24,151.0,5
887,Headphones,Electronics,East,1589.11,575.7,10
888,Mouse,Electronics,West,202.46,95.77,4
889,Keyboard,Electronics,South,354.43,124.84,4
890,Headphones,Electronics,East,1304.28,490.35,9
891,Table,Furniture,West,5238.24,1248.7,10
892,Keyboard,Electronics,West,144.66,60.55,2
893,Keyboard,Electronics,North,739.26,297.1,10
894,Printer,Electronics,South,3427.5,678.19,9
895,Headphones,Electronics,West,1494.29,521.45,9
896,Printer,Electronics,West,2431.86,514.95,7
897,Chair,Furniture,North,2633.73,609.6,8
898,Phone,Electronics,North,2601.8,730.19,3
899,Desk,Furniture,South,5036.36,1156.15,10
900,Laptop,Electronics,North,1253.4,211.78,1
901,Phone,Electronics,East,3858.99,815.2,4
902,Mouse,Electronics,East,150.98,62.05,3
903,Printer,Electronics,West,2550.86,658.19,7
904,Chair,Furniture,South,2179.86,572.89,7
905,Monitor,Electronics,East,5609.13,1217.04,9
906,Headphones,Electronics,South,984.19,287.78,6
907,Sofa,Furniture,South,1739.13,391.46,2
908,Mouse,Electronics,North,205.42,89.15,4
909,Keyboard,Electronics,North,639.04,168.44,7
910,Keyboard,Electronics,North,724.14,233.8,8
911,Desk,Furniture,West,1786.88,500.93,4
912,Phone,Electronics,North,9576.39,2012.09,10
913,Keyboard,Electronics,East,646.24,211.36,8
914,Chair,Furniture,South,328.8,80.34,1
915,Headphones,Electronics,North,480.83,141.58,3
916,Keyboard,Electronics,East,183.87,66.71,2
917,Sofa,Furniture,North,5607.63,1232.17,7
918,Tablet,Electronics,East,1581.71,367.14,2
919,Monitor,Electronics,West,2869.72,888.92,5
920,Phone,Electronics,North,8110.47,1914.03,10
921,Printer,Electronics,North,718.05,168.48,2
922,Printer,Electronics,East,1958.3,506.37,5
923,Tablet,Electronics,South,6392.48,1476.39,8
924,Monitor,Electronics,North,5137.91,1390.33,8
925,Table,Furniture,South,964.45,266.86,2
926,Sofa,Furniture,East,3520.13,771.98,4
927,Printer,Electronics,South,2842.66,917.63,9
928,Desk,Furniture,East,899.76,263.88,2
929,Mouse,Electronics,East,509.78,178.31,9
930,Chair,Furniture,South,2901.81,943.08,10
931,Table,Furniture,East,1917.43,502.22,4
932,Chair,Furniture,East,1140.83,287.96,4
933,Keyboard,Electronics,West,148.8,49.88,2
934,Headphones,Electronics,North,163.66,50.83,1
935,Table,Furniture,East,3165.5,837.43,6
936,Table,Furniture,East,1719.15,489.89,3
937,Phone,Electronics,West,3915.15,749.14,4
938,Table,Furniture,South,4086.63,1183.03,9
939,Table,Furniture,North,1074.56,275.53,2
940,Laptop,Electronics,East,4775.31,840.3,4
941,Headphones,Electronics,East,710.09,226.28,5
942,Table,Furniture,West,4928.87,1222.99,10
943,Chair,Furniture,West,2257.87,531.4,7
944,Desk,Furniture,South,3401.9,818.36,8
945,Mouse,Electronics,West,275.26,102.21,5
946,Chair,Furniture,West,990.01,262.9,3
947,Laptop,Electronics,East,3619.37,640.34,3
948,Table,Furniture,North,2406.86,800.38,5
949,Phone,Electronics,East,1930.74,362.57,2
950,Table,Furniture,East,1012.46,261.48,2
951,Monitor,Electronics,East,5612.61,1517.41,9
952,Laptop,Electronics,South,7814.6,2007.16,7
953,Headphones,Electronics,East,1593.7,507.69,10
954,Monitor,Electronics,West,3845.87,895.5,6
955,Mouse,Electronics,South,368.7,137.97,7
956,Keyboard,Electronics,West,482.62,188.09,6
957,Mouse,Electronics,East,94.05,35.65,2
958,Sofa,Furniture,West,4310.43,1042.15,5
959,Desk,Furniture,West,3942.88,1128.49,8
960,Phone,Electronics,South,2554.12,534.1,3
961,Sofa,Furniture,North,4540.44,1080.28,5
962,Chair,Furniture,West,899.34,201.17,3
963,Printer,Electronics,North,317.31,86.29,1
964,Mouse,Electronics,West,263.63,83.37,5
965,Desk,Furniture,South,1731.33,438.56,4
966,Keyboard,Electronics,East,798.93,219.09,9
967,Monitor,Electronics,East,4880.63,1378.03,8
968,Printer,Electronics,South,2614.58,849.16,8
969,Headphones,Electronics,West,1521.2,549.78,10
970,Printer,Electronics,South,3078.86,760.48,9
971,Mouse,Electronics,South,390.79,154.38,8
972,Desk,Furniture,South,405.01,135.14,1
973,Monitor,Electronics,West,3051.9,602.5,5
974,Table,Furniture,East,2255.71,680.52,5
975,Headphones,Electronics,South,659.52,203.86,4
976,Phone,Electronics,West,8175.14,1781.92,9
977,Phone,Electronics,South,3476.68,852.63,4
978,Printer,Electronics,East,3856.63,966.47,10
979,Sofa,Furniture,North,7935.86,1737.29,9
980,Keyboard,Electronics,West,233.38,94.93,3
981,Desk,Furniture,South,4603.5,1113.91,10
982,Laptop,Electronics,East,9779.75,2675.1,9
983,Desk,Furniture,South,1456.38,392.7,3
984,Mouse,Electronics,West,135.55,53.21,3
985,Desk,Furniture,North,4138.17,946.05,8
986,Monitor,Electronics,North,1333.06,354.2,2
987,Desk,Furniture,South,2891.22,829.97,7
988,Desk,Furniture,South,3487.25,712.98,7
989,Phone,Electronics,South,6924.89,2108.15,8
990,Table,Furniture,West,1030.28,334.0,2
991,Phone,Electronics,North,5103.24,949.79,5
992,Tablet,Electronics,East,6490.46,1460.15,9
993,Chair,Furniture,South,2019.38,549.82,6
994,Mouse,Electronics,South,211.65,74.38,4
995,Desk,Furniture,North,4184.61,1338.79,10
996,Laptop,Electronics,South,13150.43,2475.27,10
997,Monitor,Electronics,East,1154.62,299.99,2
998,Sofa,Furniture,North,731.96,211.57,1
999,Keyboard,Electronics,East,613.23,286.24,8
1000,Table,Furniture,South,1810.68,532.62,4
